customer_id,first_name,last_name,city,country,created_at
1,Alex,Rizvi,London,UAE,2024-10-27
2,Liam,Williams,Islamabad,Canada,2024-08-31
3,Michael,Shah,Lahore,UK,2024-02-24
4,Ethan,Brown,Islamabad,Pakistan,2023-01-22
5,David,Wilson,Lahore,USA,2022-04-25
6,Chris,Clark,Houston,USA,2022-02-13
7,Sara,Smith,Dubai,Pakistan,2023-12-11
8,Emma,Taylor,New York,USA,2023-06-10
9,Ali,Clark,Islamabad,UK,2023-06-04
10,Sara,Khan,Islamabad,Pakistan,2022-07-04
11,Ali,Smith,Toronto,Pakistan,2023-03-30
12,Daniel,Khan,Dubai,UAE,2023-08-15
13,Alex,Ahmed,Islamabad,Pakistan,2022-02-17
14,John,Rizvi,Lahore,Pakistan,2023-02-09
15,Daniel,Williams,Karachi,Canada,2023-02-28
16,Sophia,Brown,Islamabad,UK,2024-08-21
17,Ali,Shah,London,UK,2024-09-15
18,Daniel,Wilson,Toronto,Canada,2023-01-01
19,John,Smith,Chicago,USA,2024-10-26
20,Liam,Ahmed,Karachi,UK,2023-08-28
21,Emma,Clark,Chicago,UK,2024-12-13
22,Daniel,Miller,London,Canada,2024-11-14
23,Chris,Rizvi,Toronto,Pakistan,2023-10-08
24,Ethan,Clark,Dubai,Canada,2022-02-01
25,Emma,Ahmed,Toronto,USA,2023-05-16
26,Noor,Lee,Lahore,Pakistan,2022-08-07
27,Noor,Johnson,Houston,Canada,2022-11-02
28,Sophia,Lee,Lahore,UK,2024-05-27
29,Aisha,Clark,Chicago,UK,2023-06-21
30,Noor,Shah,Dubai,Canada,2024-09-15
31,Aisha,Taylor,Toronto,UK,2022-11-28
32,Ethan,Lee,Lahore,USA,2022-06-02
33,John,Smith,Houston,UAE,2024-03-25
34,Sophia,Khan,Dubai,UK,2022-03-21
35,Sara,Smith,Karachi,USA,2022-03-01
36,Chris,Wilson,Islamabad,Pakistan,2024-07-25
37,David,Ahmed,London,Pakistan,2024-04-29
38,Emma,Wilson,Chicago,UAE,2022-07-06
39,Alex,Taylor,Chicago,Pakistan,2023-09-03
40,Noor,Johnson,Dubai,Canada,2022-07-23
41,Ethan,Smith,Houston,Pakistan,2024-07-05
42,Noor,Wilson,Lahore,USA,2022-05-28
43,Michael,Johnson,Houston,Pakistan,2024-07-28
44,Fatima,Taylor,Islamabad,Pakistan,2022-12-05
45,Ethan,Lee,Karachi,UK,2022-04-03
46,Ethan,Miller,Lahore,Canada,2024-03-24
47,Sara,Taylor,Karachi,UK,2024-05-09
48,Aisha,Ahmed,Chicago,USA,2022-02-16
49,Sara,Lee,Islamabad,Pakistan,2023-01-15
50,Michael,Taylor,Toronto,USA,2022-04-09
51,Sara,Smith,Houston,Pakistan,2023-04-09
52,Ali,Miller,New York,USA,2023-06-29
53,Fatima,Wilson,Houston,Canada,2023-01-14
54,Chris,Williams,New York,UAE,2024-11-20
55,Daniel,Clark,Chicago,UAE,2023-05-20
56,Emma,Johnson,Dubai,USA,2023-07-15
57,Michael,Williams,Toronto,UAE,2024-04-22
58,Noor,Taylor,Toronto,Canada,2024-04-16
59,Ali,Ahmed,Houston,Canada,2024-08-10
60,Emma,Brown,Karachi,Canada,2022-08-15
61,Alex,Williams,Toronto,UK,2023-02-18
62,Fatima,Smith,New York,UAE,2022-05-08
63,Sophia,Rizvi,Houston,UK,2023-04-08
64,Sara,Shah,Lahore,UAE,2023-11-21
65,Chris,Wilson,London,Pakistan,2023-02-01
66,Sara,Khan,Lahore,Pakistan,2023-12-18
67,Alex,Ahmed,Dubai,Canada,2024-01-05
68,John,Wilson,New York,Pakistan,2022-10-04
69,Emma,Taylor,Karachi,UK,2024-06-16
70,Aisha,Rizvi,Lahore,Pakistan,2022-12-29
71,Sophia,Brown,Houston,Canada,2022-12-25
72,Alex,Johnson,Karachi,Pakistan,2024-09-27
73,Michael,Ahmed,London,USA,2022-06-26
74,John,Khan,Lahore,Canada,2024-03-23
75,Chris,Taylor,Toronto,Canada,2023-02-09
76,Aisha,Clark,Dubai,USA,2023-10-16
77,Daniel,Rizvi,Karachi,UAE,2024-05-01
78,Aisha,Clark,Toronto,Pakistan,2022-09-16
79,Ali,Miller,Lahore,UK,2022-11-06
80,Emma,Williams,Toronto,UK,2024-05-19
81,Fatima,Lee,Houston,UAE,2023-11-02
82,Fatima,Brown,Lahore,UAE,2022-12-10
83,Sophia,Williams,Karachi,Pakistan,2022-05-05
84,Aisha,Brown,Chicago,Pakistan,2024-01-09
85,Sophia,Johnson,London,Pakistan,2022-01-23
86,Daniel,Taylor,Karachi,UAE,2023-12-19
87,Liam,Miller,Islamabad,Pakistan,2022-02-24
88,Chris,Taylor,Chicago,USA,2022-08-10
89,Liam,Wilson,Karachi,Pakistan,2023-12-18
90,Sara,Johnson,New York,UAE,2024-09-10
91,Aisha,Rizvi,Lahore,USA,2024-03-19
92,Aisha,Brown,Dubai,USA,2022-04-14
93,Liam,Khan,Karachi,UK,2024-09-05
94,Aisha,Shah,Houston,Pakistan,2024-10-05
95,Michael,Williams,Karachi,UAE,2024-04-16
96,John,Williams,Toronto,UAE,2023-07-03
97,Daniel,Shah,London,Canada,2022-10-07
98,Aisha,Wilson,Islamabad,Pakistan,2022-04-12
99,David,Khan,London,Canada,2022-02-17
100,Noor,Khan,Toronto,UAE,2024-04-03
101,Ethan,Clark,London,Canada,2023-08-28
102,Sophia,Khan,London,UK,2022-03-28
103,Chris,Williams,Dubai,Pakistan,2024-01-02
104,Ali,Brown,Islamabad,USA,2022-07-26
105,David,Rizvi,Chicago,Pakistan,2023-01-02
106,Ali,Smith,Houston,UK,2024-04-06
107,Sara,Smith,Lahore,Canada,2022-08-03
108,John,Wilson,Islamabad,UK,2023-11-24
109,Daniel,Khan,Karachi,Pakistan,2023-07-31
110,David,Wilson,London,Pakistan,2023-01-28
111,John,Ahmed,Dubai,UK,2023-06-16
112,Sophia,Lee,New York,USA,2023-09-29
113,Ethan,Miller,New York,Canada,2023-08-03
114,Fatima,Smith,Toronto,Pakistan,2024-02-17
115,Fatima,Brown,Lahore,UK,2022-01-16
116,Fatima,Clark,Lahore,USA,2023-07-06
117,Alex,Clark,Karachi,Canada,2024-08-17
118,Chris,Johnson,London,Canada,2022-09-21
119,Sophia,Rizvi,Houston,UAE,2022-11-26
120,Alex,Khan,New York,UK,2024-11-09
121,Sophia,Shah,Houston,UAE,2023-10-12
122,Alex,Khan,New York,Pakistan,2023-03-25
123,Daniel,Williams,Islamabad,USA,2024-10-26
124,Ethan,Lee,Lahore,UK,2022-06-14
125,Sophia,Lee,Karachi,UAE,2024-08-27
126,Emma,Shah,Karachi,UAE,2022-03-28
127,Aisha,Smith,Lahore,UAE,2022-12-23
128,Alex,Johnson,Dubai,USA,2023-02-09
129,Chris,Lee,Karachi,UK,2023-12-29
130,David,Williams,Toronto,UAE,2023-10-02
131,Liam,Johnson,Islamabad,UAE,2022-12-07
132,Michael,Ahmed,Islamabad,Canada,2024-11-23
133,Aisha,Williams,Chicago,UAE,2024-11-28
134,Sara,Johnson,London,USA,2022-07-09
135,Alex,Miller,Toronto,UAE,2022-02-25
136,Chris,Johnson,Dubai,UAE,2024-01-16
137,David,Brown,Dubai,Pakistan,2022-06-22
138,John,Johnson,London,UAE,2024-12-07
139,Aisha,Taylor,Houston,Pakistan,2022-10-20
140,Aisha,Shah,Lahore,Canada,2022-12-11
141,Alex,Khan,Lahore,Canada,2023-06-10
142,Fatima,Lee,London,UAE,2024-04-22
143,Chris,Shah,New York,Pakistan,2022-08-30
144,Alex,Lee,Toronto,Canada,2024-12-30
145,Michael,Khan,London,UK,2023-06-30
146,Chris,Shah,Islamabad,Canada,2022-09-22
147,Aisha,Ahmed,Houston,UAE,2022-06-24
148,Fatima,Lee,Toronto,UAE,2024-11-21
149,Liam,Taylor,Dubai,Pakistan,2022-11-28
150,Sara,Miller,Dubai,UK,2022-07-07
151,Daniel,Miller,New York,Canada,2022-04-30
152,Chris,Khan,London,USA,2024-04-07
153,Alex,Ahmed,Dubai,Canada,2024-02-23
154,Emma,Smith,Toronto,Canada,2022-05-01
155,Ali,Ahmed,New York,USA,2022-09-02
156,Ali,Williams,Islamabad,Pakistan,2024-05-02
157,Ethan,Rizvi,New York,USA,2023-06-06
158,Aisha,Lee,London,Canada,2024-01-23
159,Chris,Smith,Lahore,Pakistan,2024-06-16
160,Alex,Taylor,Chicago,UK,2022-06-17
161,Ali,Johnson,Chicago,Canada,2024-06-01
162,Alex,Smith,Karachi,Pakistan,2022-06-26
163,Liam,Ahmed,Toronto,Pakistan,2022-10-09
164,Michael,Williams,Toronto,UK,2024-03-09
165,Emma,Lee,Islamabad,Canada,2024-09-18
166,Sara,Shah,London,UAE,2022-08-24
167,David,Clark,Chicago,UK,2023-08-14
168,Ethan,Johnson,Houston,UK,2022-12-20
169,David,Johnson,Lahore,UK,2023-06-25
170,Fatima,Brown,New York,UAE,2023-11-19
171,Daniel,Khan,Karachi,UAE,2022-02-06
172,Emma,Brown,Lahore,UAE,2024-10-07
173,Liam,Smith,Houston,UAE,2023-06-16
174,Ali,Rizvi,Toronto,UAE,2022-04-14
175,Daniel,Ahmed,Houston,Pakistan,2023-09-16
176,John,Rizvi,Toronto,UAE,2023-03-13
177,Ali,Lee,Karachi,Pakistan,2024-08-22
178,Ethan,Williams,Chicago,Canada,2023-07-05
179,Liam,Taylor,London,Canada,2022-09-18
180,Ali,Clark,New York,UK,2022-06-17
181,John,Brown,Karachi,Canada,2022-06-17
182,Liam,Ahmed,New York,USA,2024-05-22
183,Sara,Khan,Houston,UAE,2024-03-14
184,Liam,Lee,Karachi,Pakistan,2023-12-25
185,Noor,Miller,Lahore,UAE,2023-02-26
186,Alex,Smith,Dubai,Pakistan,2023-10-09
187,Chris,Ahmed,Houston,UK,2024-07-09
188,Ali,Smith,Karachi,UAE,2024-01-26
189,David,Taylor,London,Pakistan,2023-10-24
190,Alex,Clark,Dubai,Pakistan,2023-08-25
191,David,Johnson,Karachi,USA,2022-08-28
192,Sophia,Taylor,Islamabad,Canada,2023-11-22
193,Sara,Miller,Karachi,UAE,2024-09-15
194,David,Shah,New York,USA,2022-12-18
195,Chris,Khan,Toronto,UAE,2024-06-27
196,Sara,Brown,Karachi,UK,2024-06-01
197,Ali,Khan,London,Pakistan,2024-11-02
198,Ethan,Lee,Islamabad,UK,2022-11-03
199,Alex,Wilson,Lahore,UAE,2023-05-29
200,John,Ahmed,Islamabad,UAE,2023-03-22
201,Ali,Rizvi,Chicago,UAE,2023-12-12
202,Noor,Clark,Lahore,UK,2023-01-20
203,Michael,Lee,Toronto,Canada,2024-08-19
204,Noor,Shah,Lahore,UAE,2022-09-26
205,David,Lee,New York,USA,2023-12-24
206,Fatima,Ahmed,Houston,Canada,2023-07-10
207,Liam,Wilson,Lahore,Pakistan,2024-03-30
208,Michael,Smith,London,Pakistan,2022-12-20
209,Aisha,Ahmed,Dubai,Canada,2024-05-29
210,Sophia,Smith,Karachi,Canada,2023-03-22
211,Sara,Miller,Chicago,Canada,2023-10-14
212,Alex,Miller,Dubai,UAE,2024-02-23
213,Ali,Brown,New York,Pakistan,2023-07-15
214,Ethan,Lee,Islamabad,Canada,2024-08-22
215,Michael,Clark,Karachi,Canada,2022-06-02
216,Sophia,Taylor,Karachi,Canada,2024-06-25
217,Sophia,Shah,Houston,UK,2023-07-28
218,Alex,Lee,Lahore,UK,2024-05-22
219,Fatima,Lee,Chicago,USA,2024-06-30
220,Ethan,Clark,London,UK,2023-05-21
221,Noor,Brown,Karachi,UAE,2022-08-08
222,Sara,Miller,Lahore,UAE,2024-12-24
223,Emma,Johnson,Houston,UAE,2023-02-07
224,David,Clark,Dubai,USA,2024-11-13
225,David,Ahmed,Toronto,UK,2023-01-30
226,Noor,Miller,Karachi,UK,2023-08-16
227,Aisha,Taylor,Houston,USA,2024-12-31
228,Chris,Rizvi,London,Pakistan,2023-06-09
229,Michael,Clark,New York,UK,2024-07-11
230,Sara,Khan,Chicago,Pakistan,2023-03-19
231,Daniel,Wilson,New York,UAE,2023-05-10
232,Ali,Smith,Toronto,UAE,2023-10-19
233,Ethan,Johnson,Chicago,UAE,2023-08-16
234,Ali,Johnson,Dubai,UAE,2024-02-22
235,Sara,Khan,Houston,Pakistan,2024-09-18
236,Aisha,Ahmed,Dubai,Canada,2023-05-29
237,Michael,Rizvi,Toronto,USA,2024-10-21
238,Sophia,Miller,Karachi,Canada,2022-04-25
239,Michael,Khan,New York,Canada,2024-12-23
240,Daniel,Miller,Dubai,UK,2022-09-05
241,Aisha,Shah,New York,Canada,2022-01-07
242,Noor,Shah,Islamabad,USA,2024-03-01
243,Alex,Lee,Karachi,Pakistan,2023-04-04
244,Liam,Brown,London,Pakistan,2023-05-03
245,Ali,Johnson,Chicago,UK,2023-11-15
246,Noor,Williams,Chicago,UAE,2022-08-29
247,Sophia,Khan,London,USA,2022-03-08
248,Noor,Clark,Karachi,Pakistan,2023-12-03
249,David,Taylor,Toronto,UK,2023-04-23
250,Daniel,Ahmed,Islamabad,Pakistan,2023-11-18
251,Chris,Wilson,Lahore,Canada,2024-01-01
252,Sara,Smith,Toronto,Pakistan,2024-08-31
253,Liam,Brown,London,Pakistan,2022-08-06
254,Chris,Brown,Karachi,UK,2022-02-20
255,Sophia,Wilson,Dubai,Canada,2024-02-19
256,Ethan,Ahmed,Dubai,UAE,2022-11-28
257,Aisha,Shah,Dubai,Pakistan,2022-01-22
258,David,Johnson,Houston,Pakistan,2022-04-18
259,Aisha,Smith,New York,USA,2024-04-09
260,Michael,Khan,Lahore,Pakistan,2024-11-08
261,Michael,Brown,Islamabad,Pakistan,2023-07-09
262,Daniel,Brown,London,Canada,2023-11-14
263,Daniel,Ahmed,New York,Pakistan,2022-04-01
264,Emma,Johnson,Islamabad,Pakistan,2022-06-07
265,John,Ahmed,Houston,UAE,2024-08-22
266,Michael,Williams,Dubai,USA,2022-09-04
267,Daniel,Lee,Houston,UAE,2022-07-13
268,Emma,Shah,Houston,UK,2022-04-20
269,John,Johnson,Karachi,Pakistan,2023-07-25
270,Fatima,Johnson,London,UK,2024-07-28
271,Michael,Taylor,Islamabad,USA,2022-04-20
272,Liam,Smith,Chicago,UK,2023-03-07
273,Aisha,Brown,Islamabad,UAE,2022-01-07
274,Fatima,Khan,New York,UK,2023-05-31
275,Ethan,Rizvi,Islamabad,USA,2023-01-19
276,Sophia,Ahmed,Lahore,Canada,2022-04-15
277,John,Rizvi,Toronto,Pakistan,2023-08-09
278,David,Brown,Lahore,USA,2024-11-28
279,Liam,Shah,London,UK,2023-09-13
280,Michael,Shah,Karachi,UAE,2023-02-02
281,Fatima,Taylor,New York,USA,2024-04-22
282,Liam,Wilson,Houston,USA,2022-10-21
283,Emma,Taylor,Islamabad,UK,2023-06-30
284,Emma,Rizvi,London,USA,2022-05-25
285,Chris,Smith,Houston,Canada,2023-02-28
286,Chris,Williams,Houston,UK,2022-11-16
287,Daniel,Ahmed,Houston,USA,2023-04-14
288,David,Rizvi,Islamabad,UAE,2023-11-18
289,Chris,Ahmed,Dubai,USA,2023-05-27
290,Aisha,Clark,New York,UK,2024-05-12
291,Daniel,Brown,Lahore,UAE,2023-05-12
292,Sophia,Miller,Karachi,USA,2022-07-23
293,David,Miller,Karachi,USA,2022-01-16
294,Aisha,Shah,Chicago,UK,2023-10-18
295,Ethan,Taylor,Islamabad,USA,2023-12-19
296,Daniel,Wilson,London,USA,2022-04-28
297,Alex,Lee,Islamabad,UAE,2023-11-21
298,Fatima,Ahmed,Lahore,UK,2023-02-04
299,Alex,Taylor,Chicago,USA,2024-07-17
300,Ethan,Shah,Karachi,USA,2023-05-22
301,Liam,Williams,Toronto,USA,2024-04-24
302,Alex,Taylor,Houston,UAE,2024-06-05
303,Ali,Rizvi,Lahore,Canada,2024-05-10
304,Noor,Khan,Lahore,Pakistan,2024-05-06
305,Michael,Shah,Lahore,Canada,2024-01-02
306,Fatima,Taylor,London,Pakistan,2024-11-02
307,Sophia,Clark,London,UAE,2024-09-26
308,Noor,Clark,Toronto,UK,2023-09-24
309,Ali,Smith,Chicago,Canada,2023-06-01
310,Liam,Brown,Toronto,USA,2023-05-12
311,Aisha,Taylor,Karachi,Canada,2024-08-16
312,Emma,Brown,Islamabad,UK,2022-11-04
313,Ali,Williams,Houston,USA,2024-09-22
314,Liam,Miller,Karachi,Canada,2023-09-20
315,Emma,Shah,Lahore,UK,2022-09-13
316,John,Lee,Houston,USA,2024-07-07
317,Chris,Shah,Lahore,USA,2023-09-23
318,Emma,Rizvi,London,Canada,2023-03-10
319,Ali,Rizvi,London,UAE,2024-05-14
320,Sophia,Wilson,Dubai,UK,2022-12-05
321,Aisha,Brown,Lahore,USA,2024-11-10
322,Daniel,Khan,London,Pakistan,2023-03-02
323,Ethan,Shah,Chicago,UAE,2023-10-22
324,David,Johnson,Toronto,USA,2022-01-10
325,Ali,Lee,Lahore,Canada,2023-08-10
326,Emma,Brown,Lahore,Pakistan,2023-01-30
327,Noor,Wilson,Dubai,Canada,2023-06-19
328,Fatima,Johnson,New York,USA,2024-10-11
329,Fatima,Miller,Chicago,Pakistan,2024-09-25
330,Alex,Miller,Toronto,Pakistan,2023-01-02
331,Alex,Taylor,Toronto,USA,2022-02-15
332,Chris,Wilson,Islamabad,UAE,2023-11-04
333,Michael,Smith,Houston,UAE,2024-10-25
334,John,Smith,Karachi,UAE,2022-10-24
335,Sara,Smith,New York,USA,2023-06-09
336,Chris,Miller,New York,UAE,2022-11-06
337,Ali,Wilson,London,Pakistan,2023-11-21
338,Daniel,Williams,Lahore,USA,2022-02-20
339,Ethan,Wilson,Dubai,Pakistan,2022-04-27
340,Alex,Rizvi,Toronto,Pakistan,2022-02-16
341,Emma,Wilson,Chicago,USA,2024-01-21
342,Alex,Shah,Karachi,UAE,2023-07-22
343,Ali,Rizvi,Houston,Canada,2022-10-01
344,Noor,Shah,Islamabad,Canada,2022-08-23
345,Emma,Taylor,London,USA,2022-03-15
346,Michael,Shah,Toronto,Canada,2022-06-26
347,Noor,Johnson,New York,Canada,2023-07-06
348,Noor,Shah,Chicago,UAE,2024-10-14
349,Sophia,Taylor,Karachi,UK,2024-09-28
350,Alex,Wilson,Houston,UAE,2024-12-09
351,Noor,Clark,New York,Pakistan,2022-09-18
352,Emma,Brown,Chicago,Canada,2024-06-15
353,John,Taylor,Karachi,UAE,2023-05-04
354,Liam,Smith,Lahore,Canada,2024-08-03
355,Sara,Lee,Chicago,Pakistan,2023-11-18
356,Noor,Clark,Chicago,UK,2022-12-04
357,Ethan,Shah,London,USA,2022-01-10
358,Alex,Rizvi,Toronto,UAE,2022-12-04
359,Sara,Smith,Dubai,UK,2022-08-02
360,Michael,Lee,Toronto,Canada,2022-03-28
361,Emma,Smith,New York,UAE,2024-07-16
362,Daniel,Rizvi,Chicago,USA,2023-04-27
363,Alex,Wilson,Islamabad,Canada,2024-03-01
364,Ali,Lee,Dubai,UK,2024-01-23
365,Liam,Khan,London,UK,2024-05-15
366,Ali,Wilson,London,Canada,2024-03-18
367,Sophia,Johnson,Karachi,Canada,2022-04-11
368,Ethan,Smith,Lahore,UK,2024-03-04
369,John,Taylor,Houston,Pakistan,2022-07-15
370,David,Taylor,Chicago,Canada,2024-01-22
371,Aisha,Rizvi,Chicago,UAE,2022-08-10
372,Emma,Shah,Lahore,Canada,2023-04-27
373,Michael,Williams,Chicago,USA,2022-02-08
374,Noor,Smith,Dubai,Canada,2022-02-11
375,Daniel,Taylor,Toronto,Pakistan,2024-10-13
376,Sara,Wilson,Karachi,Pakistan,2022-08-24
377,Noor,Smith,New York,USA,2024-12-20
378,Ali,Lee,London,UAE,2024-12-03
379,Aisha,Taylor,Chicago,UAE,2023-11-01
380,John,Ahmed,New York,Pakistan,2023-08-28
381,Sara,Brown,London,UK,2022-09-27
382,Michael,Johnson,Chicago,UK,2023-12-02
383,David,Rizvi,New York,USA,2024-09-28
384,Daniel,Khan,Lahore,UK,2024-02-04
385,Chris,Rizvi,Islamabad,UK,2023-09-05
386,John,Ahmed,Karachi,USA,2022-11-12
387,Daniel,Smith,New York,UK,2022-06-28
388,Ethan,Taylor,Dubai,UAE,2022-03-02
389,Sara,Lee,Dubai,USA,2022-10-03
390,John,Brown,Dubai,USA,2023-11-25
391,David,Miller,Chicago,Canada,2024-08-30
392,John,Clark,Dubai,Pakistan,2023-07-01
393,Ali,Wilson,Houston,Pakistan,2024-10-19
394,Aisha,Rizvi,London,Canada,2023-05-09
395,Aisha,Williams,Toronto,UAE,2022-10-22
396,Daniel,Miller,London,UAE,2024-07-18
397,Chris,Ahmed,Islamabad,UAE,2024-10-07
398,Emma,Clark,Dubai,Pakistan,2023-05-15
399,Aisha,Khan,London,UK,2023-11-21
400,Noor,Wilson,New York,UAE,2024-03-29
401,Ali,Ahmed,London,Canada,2024-04-16
402,Sophia,Wilson,New York,UAE,2024-04-06
403,Chris,Williams,Karachi,Canada,2024-08-20
404,John,Brown,Lahore,USA,2022-12-23
405,Daniel,Rizvi,Toronto,Pakistan,2023-08-05
406,Ali,Ahmed,New York,UAE,2023-01-30
407,Sophia,Rizvi,Islamabad,UAE,2022-12-30
408,Emma,Rizvi,Lahore,Pakistan,2024-04-14
409,Sara,Williams,Chicago,Canada,2022-03-29
410,Sara,Taylor,Dubai,Pakistan,2024-03-21
411,Fatima,Miller,New York,Pakistan,2024-08-31
412,Fatima,Taylor,Chicago,Pakistan,2023-03-22
413,Aisha,Rizvi,Lahore,UK,2024-09-06
414,Aisha,Taylor,Chicago,UAE,2024-08-04
415,David,Williams,Chicago,UK,2023-03-01
416,Sara,Ahmed,Dubai,Canada,2024-05-13
417,Sara,Rizvi,London,Canada,2024-10-26
418,Emma,Rizvi,London,UK,2023-03-01
419,Emma,Williams,Chicago,UAE,2023-01-12
420,Ethan,Clark,Islamabad,UK,2023-09-10
421,Sara,Wilson,Toronto,USA,2024-04-21
422,Fatima,Johnson,Houston,UAE,2022-03-01
423,Aisha,Wilson,Houston,Pakistan,2022-01-12
424,Sara,Ahmed,Toronto,Canada,2023-03-08
425,Sophia,Williams,New York,Pakistan,2024-02-22
426,Ethan,Lee,Lahore,USA,2024-11-14
427,Liam,Wilson,New York,Pakistan,2024-03-24
428,John,Khan,Houston,Pakistan,2024-10-21
429,Daniel,Smith,Islamabad,UK,2024-10-01
430,Noor,Lee,Karachi,USA,2024-12-31
431,Alex,Taylor,London,Canada,2022-04-24
432,Noor,Taylor,Islamabad,UK,2022-05-30
433,Ethan,Clark,Houston,Canada,2022-04-20
434,Alex,Miller,Dubai,USA,2024-05-29
435,Aisha,Williams,Houston,USA,2023-03-03
436,Daniel,Johnson,Toronto,Pakistan,2022-03-25
437,Sophia,Miller,Islamabad,Pakistan,2023-02-01
438,Liam,Miller,Islamabad,UAE,2023-06-17
439,Fatima,Clark,Islamabad,Pakistan,2023-09-24
440,John,Clark,Lahore,Pakistan,2024-07-06
441,Daniel,Ahmed,Dubai,USA,2022-10-18
442,John,Johnson,London,UK,2024-07-06
443,John,Shah,London,USA,2024-05-01
444,Daniel,Taylor,London,Pakistan,2022-02-11
445,Emma,Johnson,Karachi,UAE,2022-05-26
446,Noor,Khan,Toronto,Pakistan,2022-01-29
447,Liam,Lee,Islamabad,UK,2024-07-04
448,John,Clark,Dubai,UAE,2022-10-09
449,Sophia,Smith,Lahore,Canada,2024-09-09
450,Emma,Khan,Dubai,Pakistan,2023-08-01
451,Emma,Williams,Islamabad,Pakistan,2022-06-16
452,Sara,Taylor,Dubai,USA,2023-01-14
453,Sara,Rizvi,Karachi,Pakistan,2023-03-30
454,Liam,Taylor,Chicago,Canada,2022-05-24
455,Sophia,Khan,Islamabad,UK,2023-11-07
456,Fatima,Wilson,Chicago,UAE,2022-08-07
457,Emma,Taylor,Dubai,Pakistan,2022-09-04
458,Sophia,Brown,Karachi,Canada,2024-11-21
459,Sara,Khan,New York,UK,2024-11-28
460,Ethan,Williams,London,USA,2022-02-09
461,Emma,Smith,Houston,USA,2022-08-20
462,Ali,Smith,London,UAE,2022-05-18
463,Noor,Rizvi,Dubai,UK,2023-07-02
464,Chris,Ahmed,London,Canada,2023-01-20
465,Emma,Johnson,Dubai,UK,2022-09-12
466,David,Shah,Dubai,Canada,2024-09-21
467,Chris,Rizvi,Houston,Pakistan,2022-09-13
468,Fatima,Smith,Islamabad,USA,2022-02-24
469,Michael,Rizvi,Dubai,USA,2024-11-02
470,Liam,Smith,Islamabad,UK,2023-06-07
471,Noor,Johnson,New York,UAE,2022-07-11
472,Emma,Wilson,Houston,Pakistan,2022-05-25
473,Sara,Shah,Toronto,UAE,2022-02-05
474,Sara,Khan,Islamabad,Canada,2022-12-03
475,David,Williams,Dubai,UAE,2022-03-10
476,Michael,Wilson,Dubai,UAE,2022-11-13
477,Ethan,Clark,Islamabad,USA,2023-06-28
478,Sara,Taylor,Islamabad,Canada,2024-06-07
479,Ali,Brown,Karachi,Pakistan,2024-01-12
480,Liam,Miller,Dubai,UAE,2024-10-03
481,Liam,Brown,Houston,UK,2024-04-10
482,Aisha,Lee,Islamabad,UK,2023-05-01
483,Fatima,Brown,London,USA,2024-01-18
484,Aisha,Clark,Lahore,USA,2022-10-21
485,Daniel,Brown,Toronto,Canada,2023-01-12
486,Daniel,Smith,Islamabad,Pakistan,2023-05-16
487,Sara,Shah,Chicago,Canada,2022-07-19
488,Aisha,Williams,Karachi,USA,2022-10-02
489,Sophia,Lee,Houston,USA,2023-07-14
490,Aisha,Miller,Chicago,Canada,2023-09-18
491,Fatima,Shah,Houston,USA,2023-11-07
492,Alex,Shah,Chicago,USA,2023-05-30
493,Noor,Miller,Lahore,Pakistan,2022-07-22
494,Ali,Lee,London,UAE,2023-07-15
495,Ethan,Brown,London,UAE,2023-02-13
496,Sophia,Smith,Islamabad,UAE,2024-12-16
497,Sophia,Williams,Dubai,UK,2023-12-12
498,Daniel,Rizvi,Lahore,Canada,2024-07-05
499,Emma,Clark,London,UK,2022-03-22
500,Emma,Brown,Houston,UK,2023-07-30
